episode,reward,length
1,14.0,15
2,17.0,6
3,-13.0,4
4,30.0,5
5,-6.0,11
6,13.0,7
7,28.0,3
8,5.0,15
9,7.0,15
10,11.0,2
11,26.0,2
12,31.0,6
13,12.0,15
14,10.0,15
15,34.0,8
16,27.0,4
17,6.0,15
18,14.0,7
19,30.0,14
20,20.0,11
21,38.0,11
22,14.0,15
23,-7.0,8
24,9.0,15
25,6.0,15
26,12.0,2
27,13.0,3
28,19.0,9
29,-9.0,5
30,25.0,3
31,2.0,15
32,13.0,4
33,35.0,11
34,11.0,7
35,9.0,15
36,28.0,4
37,26.0,2
38,24.0,2
39,12.0,3
40,19.0,9
41,19.0,10
42,30.0,6
43,-5.0,1
44,-12.0,3
45,-5.0,1
46,-5.0,1
47,14.0,5
48,2.0,15
49,26.0,2
50,35.0,11
51,31.0,7
52,31.0,7
53,10.0,3
54,26.0,2
55,22.0,13
56,16.0,6
57,-5.0,1
58,-5.0,1
59,31.0,5
60,31.0,9
61,11.0,2
62,32.0,6
63,29.0,5
64,-5.0,1
65,26.0,5
66,11.0,4
67,-13.0,4
68,25.0,5
69,-5.0,1
70,14.0,4
71,13.0,3
72,13.0,3
73,14.0,7
74,-8.0,14
75,26.0,2
76,-5.0,1
77,12.0,3
78,-5.0,1
79,-5.0,1
80,12.0,2
81,-13.0,4
82,26.0,2
83,-5.0,1
84,33.0,6
85,-5.0,1
86,-5.0,1
87,29.0,3
88,37.0,13
89,18.0,8
90,29.0,5
91,-14.0,2
92,28.0,3
93,33.0,11
94,24.0,2
95,11.0,2
96,26.0,2
97,11.0,3
98,-5.0,1
99,27.0,3
100,-12.0,4
101,-5.0,1
102,31.0,6
103,30.0,5
104,-5.0,1
105,-5.0,1
106,-8.0,5
107,-5.0,1
108,-5.0,1
109,-12.0,3
110,11.0,2
111,33.0,7
112,13.0,3
113,17.0,8
114,28.0,3
115,25.0,2
116,27.0,4
117,-5.0,1
118,11.0,2
119,27.0,8
120,28.0,3
121,40.0,11
122,33.0,11
123,12.0,2
124,-5.0,1
125,-11.0,4
126,-5.0,1
127,23.0,3
128,-5.0,1
129,-13.0,3
130,-5.0,1
131,-16.0,2
132,-5.0,1
133,26.0,2
134,-5.0,1
135,-10.0,8
136,-9.0,6
137,27.0,4
138,31.0,6
139,15.0,6
140,29.0,4
141,-5.0,1
142,-11.0,4
143,24.0,6
144,-5.0,1
145,11.0,3
146,26.0,2
147,11.0,2
148,-5.0,1
149,27.0,2
150,-5.0,1
151,-5.0,1
152,11.0,2
153,13.0,6
154,26.0,3
155,32.0,11
156,28.0,6
157,12.0,4
158,12.0,3
159,28.0,3
160,-13.0,2
161,10.0,4
162,7.0,15
163,-5.0,1
164,30.0,5
165,30.0,9
166,26.0,2
167,-5.0,1
168,14.0,5
169,-5.0,1
170,-6.0,12
171,30.0,4
172,11.0,2
173,10.0,3
174,-5.0,1
175,-5.0,1
176,-5.0,1
177,9.0,2
178,29.0,5
179,27.0,2
180,11.0,3
181,-5.0,1
182,-5.0,1
183,-5.0,1
184,-5.0,1
185,26.0,3
186,27.0,4
187,12.0,3
188,26.0,2
189,-5.0,1
190,-5.0,1
191,30.0,5
192,27.0,2
193,17.0,7
194,27.0,2
195,11.0,2
196,-5.0,1
197,26.0,2
198,9.0,15
199,-5.0,1
200,-5.0,1
201,31.0,5
202,12.0,3
203,-14.0,5
204,-5.0,1
205,-13.0,3
206,29.0,4
207,-5.0,1
208,27.0,3
209,11.0,3
210,26.0,4
211,-5.0,1
212,26.0,2
213,-5.0,1
214,-5.0,1
215,12.0,3
216,-5.0,1
217,28.0,8
218,12.0,2
219,31.0,11
220,26.0,2
221,-5.0,1
222,15.0,5
223,12.0,3
224,30.0,6
225,28.0,3
226,12.0,2
227,28.0,4
228,12.0,2
229,-5.0,1
230,11.0,2
231,26.0,3
232,26.0,3
233,-5.0,1
234,25.0,5
235,-5.0,1
236,29.0,4
237,-13.0,3
238,-13.0,3
239,-5.0,1
240,10.0,5
241,12.0,3
242,15.0,5
243,-13.0,2
244,26.0,2
245,18.0,6
246,12.0,2
247,27.0,2
248,11.0,4
249,-2.0,15
250,-5.0,1
251,30.0,4
252,24.0,3
253,11.0,2
254,-14.0,5
255,29.0,10
256,-5.0,1
257,-6.0,10
258,12.0,5
259,-5.0,1
260,12.0,5
261,27.0,4
262,-5.0,1
263,9.0,4
264,-5.0,1
265,13.0,4
266,-14.0,2
267,14.0,4
268,-5.0,1
269,27.0,3
270,24.0,6
271,-5.0,1
272,-5.0,1
273,30.0,6
274,-5.0,1
275,-5.0,1
276,10.0,2
277,-5.0,1
278,12.0,2
279,12.0,3
280,28.0,7
281,12.0,3
282,27.0,4
283,25.0,2
284,-12.0,4
285,-5.0,1
286,-5.0,1
287,-5.0,1
288,-5.0,1
289,26.0,2
290,-5.0,1
291,23.0,3
292,24.0,2
293,25.0,5
294,-14.0,2
295,28.0,7
296,27.0,3
297,33.0,8
298,24.0,2
299,-5.0,1
300,13.0,4
301,-8.0,6
302,-5.0,1
303,-5.0,1
304,25.0,3
305,-5.0,1
306,25.0,3
307,-14.0,3
308,12.0,3
309,11.0,2
310,-5.0,1
311,14.0,4
312,-5.0,1
313,26.0,3
314,-5.0,1
315,-5.0,1
316,-5.0,1
317,-15.0,2
318,-5.0,1
319,-5.0,1
320,34.0,6
321,-5.0,1
322,26.0,2
323,-5.0,1
324,30.0,8
325,-5.0,1
326,15.0,6
327,27.0,2
328,-13.0,3
329,13.0,6
330,13.0,4
331,11.0,2
332,27.0,2
333,-5.0,1
334,10.0,3
335,-5.0,1
336,32.0,6
337,-5.0,1
338,28.0,3
339,13.0,4
340,-5.0,1
341,-5.0,1
342,-5.0,1
343,-5.0,1
344,-5.0,1
345,-5.0,1
346,26.0,2
347,-5.0,1
348,29.0,3
349,-13.0,3
350,24.0,3
351,-10.0,4
352,-5.0,1
353,26.0,3
354,-13.0,3
355,-14.0,2
356,-5.0,1
357,14.0,4
358,28.0,3
359,34.0,6
360,-5.0,1
361,-5.0,1
362,25.0,3
363,26.0,3
364,-5.0,1
365,26.0,3
366,28.0,3
367,29.0,5
368,-5.0,1
369,23.0,3
370,11.0,2
371,37.0,13
372,-5.0,1
373,-5.0,1
374,28.0,3
375,24.0,2
376,12.0,2
377,27.0,2
378,14.0,5
379,25.0,3
380,14.0,4
381,-5.0,1
382,26.0,2
383,29.0,5
384,-5.0,1
385,-5.0,1
386,10.0,2
387,13.0,6
388,-5.0,1
389,-5.0,1
390,-5.0,1
391,-5.0,1
392,28.0,3
393,-5.0,1
394,-14.0,2
395,-5.0,1
396,-5.0,1
397,26.0,5
398,24.0,2
399,12.0,3
400,-5.0,1
401,12.0,3
402,27.0,3
403,-5.0,1
404,13.0,4
405,13.0,3
406,-5.0,1
407,26.0,2
408,27.0,3
409,34.0,6
410,12.0,2
411,-5.0,1
412,30.0,7
413,-14.0,2
414,11.0,3
415,13.0,3
416,11.0,2
417,25.0,3
418,12.0,2
419,-14.0,2
420,13.0,5
421,11.0,2
422,-5.0,1
423,8.0,3
424,26.0,2
425,11.0,2
426,-5.0,1
427,26.0,3
428,11.0,2
429,-13.0,2
430,-5.0,1
431,12.0,2
432,-5.0,1
433,29.0,4
434,28.0,3
435,26.0,2
436,17.0,7
437,-5.0,1
438,25.0,2
439,26.0,2
440,26.0,2
441,26.0,2
442,-12.0,3
443,-5.0,1
444,-5.0,1
445,-5.0,1
446,30.0,11
447,-5.0,1
448,-5.0,1
449,-5.0,1
450,-5.0,1
451,28.0,5
452,-5.0,1
453,27.0,3
454,26.0,2
455,26.0,3
456,27.0,6
457,28.0,4
458,-5.0,1
459,-5.0,1
460,12.0,2
461,14.0,4
462,12.0,4
463,27.0,2
464,11.0,2
465,12.0,2
466,-5.0,1
467,-5.0,1
468,31.0,7
469,26.0,2
470,18.0,7
471,26.0,2
472,11.0,2
473,26.0,4
474,-5.0,1
475,-5.0,1
476,-14.0,2
477,-5.0,1
478,29.0,3
479,-5.0,1
480,25.0,4
481,-5.0,1
482,-14.0,2
483,11.0,2
484,-5.0,1
485,11.0,2
486,-5.0,1
487,-5.0,1
488,-5.0,1
489,28.0,4
490,-5.0,1
491,-5.0,1
492,-5.0,1
493,-5.0,1
494,-5.0,1
495,14.0,7
496,-5.0,1
497,17.0,6
498,27.0,4
499,27.0,2
500,-5.0,1
501,11.0,2
502,26.0,2
503,-14.0,2
504,29.0,4
505,-5.0,1
506,-13.0,2
507,-5.0,1
508,-5.0,1
509,-5.0,1
510,28.0,3
511,-5.0,1
512,-5.0,1
513,-5.0,1
514,-5.0,1
515,-5.0,1
516,-5.0,1
517,24.0,2
518,12.0,2
519,11.0,2
520,11.0,2
521,13.0,4
522,-5.0,1
523,-5.0,1
524,24.0,2
525,-5.0,1
526,-5.0,1
527,-5.0,1
528,28.0,3
529,-5.0,1
530,-5.0,1
531,11.0,2
532,13.0,4
533,-5.0,1
534,19.0,7
535,15.0,4
536,-5.0,1
537,-5.0,1
538,-5.0,1
539,-5.0,1
540,11.0,3
541,25.0,2
542,-14.0,2
543,11.0,2
544,-5.0,1
545,-5.0,1
546,27.0,5
547,26.0,2
548,14.0,4
549,16.0,6
550,-13.0,3
551,28.0,3
552,-5.0,1
553,11.0,3
554,-5.0,1
555,-5.0,1
556,-5.0,1
557,27.0,2
558,26.0,2
559,-5.0,1
560,11.0,2
561,25.0,3
562,-5.0,1
563,-5.0,1
564,-5.0,1
565,24.0,2
566,-5.0,1
567,-5.0,1
568,27.0,3
569,-15.0,4
570,-5.0,1
571,13.0,6
572,11.0,2
573,-5.0,1
574,28.0,4
575,-5.0,1
576,-5.0,1
577,10.0,3
578,28.0,3
579,-5.0,1
580,26.0,2
581,-5.0,1
582,9.0,2
583,30.0,4
584,-5.0,1
585,10.0,3
586,-5.0,1
587,13.0,3
588,27.0,3
589,13.0,3
590,14.0,3
591,26.0,2
592,9.0,2
593,14.0,3
594,-6.0,6
595,-13.0,3
596,28.0,4
597,27.0,3
598,-5.0,1
599,27.0,4
600,27.0,2
601,-5.0,1
602,26.0,2
603,-9.0,4
604,-5.0,1
605,-5.0,1
606,17.0,7
607,9.0,2
608,11.0,2
609,-5.0,1
610,27.0,2
611,-5.0,1
612,12.0,5
613,10.0,2
614,-5.0,1
615,26.0,2
616,-5.0,1
617,24.0,2
618,14.0,5
619,-5.0,1
620,11.0,3
621,14.0,5
622,25.0,3
623,12.0,2
624,-14.0,2
625,11.0,2
626,11.0,2
627,14.0,4
628,29.0,5
629,-5.0,1
630,13.0,3
631,28.0,3
632,-15.0,3
633,27.0,3
634,-15.0,2
635,-5.0,1
636,13.0,3
637,27.0,3
638,-11.0,3
639,25.0,2
640,27.0,3
641,11.0,2
642,-5.0,1
643,-5.0,1
644,-5.0,1
645,11.0,2
646,-5.0,1
647,-5.0,1
648,27.0,2
649,-11.0,3
650,28.0,4
651,-5.0,1
652,27.0,3
653,13.0,3
654,9.0,2
655,13.0,4
656,-5.0,1
657,-5.0,1
658,26.0,5
659,28.0,4
660,27.0,4
661,14.0,4
662,32.0,5
663,26.0,2
664,-5.0,1
665,-5.0,1
666,-5.0,1
667,16.0,5
668,26.0,3
669,-5.0,1
670,-5.0,1
671,15.0,6
672,-5.0,1
673,26.0,2
674,12.0,3
675,26.0,2
676,11.0,2
677,-5.0,1
678,-14.0,2
679,-5.0,1
680,12.0,2
681,25.0,2
682,11.0,2
683,14.0,3
684,-5.0,1
685,26.0,4
686,17.0,5
687,29.0,4
688,17.0,6
689,26.0,2
690,29.0,5
691,18.0,10
692,26.0,2
693,10.0,3
694,17.0,7
695,28.0,5
696,-4.0,8
697,-14.0,2
698,26.0,2
699,-5.0,1
700,28.0,3
701,-5.0,1
702,29.0,3
703,30.0,6
704,-15.0,3
705,-5.0,1
706,16.0,5
707,10.0,4
708,-13.0,2
709,29.0,3
710,14.0,3
711,29.0,3
712,26.0,2
713,28.0,3
714,27.0,2
715,27.0,3
716,-5.0,1
717,12.0,2
718,27.0,2
719,14.0,4
720,26.0,3
721,-5.0,1
722,27.0,3
723,-5.0,1
724,12.0,2
725,-5.0,1
726,16.0,4
727,28.0,3
728,25.0,2
729,12.0,8
730,-5.0,1
731,24.0,2
732,12.0,2
733,-5.0,1
734,-5.0,1
735,-5.0,1
736,28.0,3
737,29.0,5
738,25.0,4
739,-5.0,1
740,-13.0,4
741,-5.0,1
742,28.0,3
743,13.0,3
744,25.0,2
745,-8.0,5
746,13.0,3
747,-14.0,2
748,42.0,12
749,25.0,3
750,25.0,3
751,9.0,3
752,-5.0,1
753,16.0,4
754,-13.0,3
755,-5.0,1
756,13.0,3
757,-5.0,1
758,16.0,4
759,-12.0,3
760,25.0,2
761,24.0,2
762,-10.0,5
763,14.0,4
764,11.0,5
765,26.0,5
766,-12.0,3
767,25.0,2
768,-5.0,1
769,-14.0,2
770,-5.0,1
771,27.0,6
772,27.0,2
773,26.0,2
774,11.0,2
775,32.0,5
776,-12.0,3
777,12.0,2
778,10.0,4
779,17.0,8
780,27.0,2
781,-5.0,1
782,26.0,2
783,13.0,3
784,-5.0,1
785,25.0,4
786,28.0,3
787,28.0,5
788,27.0,2
789,29.0,3
790,28.0,3
791,-5.0,1
792,27.0,2
793,-13.0,3
794,29.0,5
795,-5.0,1
796,-10.0,4
797,14.0,3
798,-11.0,4
799,34.0,6
800,36.0,9
801,29.0,3
802,28.0,5
803,15.0,4
804,28.0,3
805,34.0,6
806,12.0,5
807,15.0,4
808,-5.0,1
809,26.0,2
810,-5.0,1
811,32.0,7
812,29.0,3
813,5.0,8
814,13.0,4
815,11.0,2
816,12.0,5
817,27.0,3
818,24.0,2
819,-16.0,4
820,27.0,2
821,27.0,2
822,13.0,3
823,-5.0,1
824,-5.0,1
825,31.0,5
826,22.0,7
827,27.0,3
828,-5.0,1
829,12.0,3
830,12.0,3
831,26.0,2
832,12.0,2
833,25.0,3
834,29.0,4
835,13.0,3
836,-5.0,1
837,-5.0,1
838,16.0,4
839,-5.0,1
840,28.0,3
841,25.0,5
842,-5.0,1
843,24.0,2
844,13.0,3
845,-11.0,7
846,-5.0,1
847,10.0,3
848,-5.0,1
849,-5.0,1
850,15.0,4
851,12.0,8
852,-5.0,1
853,29.0,3
854,-5.0,1
855,28.0,4
856,25.0,3
857,-10.0,4
858,29.0,4
859,31.0,4
860,-20.0,13
861,29.0,3
862,29.0,3
863,-5.0,1
864,-8.0,6
865,14.0,6
866,27.0,7
867,12.0,8
868,11.0,2
869,16.0,5
870,27.0,2
871,33.0,5
872,25.0,3
873,14.0,3
874,28.0,4
875,25.0,4
876,-12.0,3
877,29.0,5
878,-20.0,12
879,-5.0,1
880,27.0,2
881,17.0,5
882,17.0,5
883,14.0,4
884,-5.0,1
885,15.0,5
886,-14.0,2
887,25.0,2
888,-5.0,1
889,31.0,4
890,-14.0,2
891,29.0,3
892,30.0,4
893,-5.0,1
894,11.0,5
895,29.0,4
896,29.0,3
897,24.0,2
898,27.0,2
899,12.0,2
900,27.0,2
901,28.0,3
902,-5.0,1
903,-5.0,1
904,12.0,2
905,10.0,6
906,-5.0,1
907,29.0,4
908,31.0,4
909,13.0,4
910,-5.0,1
911,29.0,3
912,29.0,3
913,-5.0,1
914,-5.0,1
915,16.0,4
916,27.0,2
917,-12.0,12
918,11.0,7
919,18.0,5
920,-5.0,1
921,31.0,5
922,10.0,2
923,30.0,4
924,24.0,2
925,-5.0,1
926,27.0,2
927,12.0,3
928,-9.0,8
929,12.0,7
930,28.0,3
931,11.0,2
932,-7.0,7
933,-5.0,1
934,27.0,2
935,-5.0,1
936,29.0,3
937,26.0,3
938,-5.0,1
939,-14.0,2
940,31.0,6
941,10.0,4
942,18.0,5
943,29.0,5
944,28.0,4
945,16.0,4
946,27.0,2
947,27.0,2
948,27.0,2
949,-5.0,1
950,24.0,2
951,-5.0,1
952,28.0,3
953,12.0,2
954,26.0,5
955,29.0,3
956,16.0,4
957,-5.0,1
958,15.0,4
959,29.0,4
960,-5.0,1
961,-5.0,1
962,-5.0,1
963,26.0,2
964,18.0,5
965,12.0,3
966,31.0,4
967,14.0,4
968,11.0,3
969,-5.0,1
970,14.0,3
971,-5.0,1
972,-5.0,1
973,27.0,2
974,16.0,4
975,-5.0,1
976,26.0,2
977,26.0,2
978,29.0,3
979,-5.0,1
980,28.0,3
981,11.0,3
982,-5.0,1
983,-5.0,1
984,16.0,4
985,-5.0,1
986,-5.0,1
987,-5.0,1
988,-5.0,1
989,27.0,2
990,14.0,3
991,-5.0,1
992,-5.0,1
993,-5.0,1
994,-5.0,1
995,11.0,2
996,-5.0,1
997,28.0,3
998,32.0,5
999,26.0,2
1000,-5.0,1
1001,14.0,3
1002,-5.0,1
1003,10.0,2
1004,-5.0,1
1005,-5.0,1
1006,18.0,5
1007,-5.0,1
1008,-5.0,1
1009,29.0,3
1010,24.0,2
1011,-5.0,1
1012,-5.0,1
1013,30.0,4
1014,-5.0,1
1015,29.0,3
1016,25.0,2
1017,26.0,2
1018,12.0,4
1019,-5.0,1
1020,-5.0,1
1021,26.0,2
1022,18.0,5
1023,-5.0,1
1024,27.0,2
1025,-5.0,1
1026,27.0,3
1027,11.0,2
1028,-14.0,2
1029,-5.0,1
1030,13.0,3
1031,-5.0,1
1032,-5.0,1
1033,13.0,3
1034,25.0,2
1035,-5.0,1
1036,27.0,2
1037,12.0,2
1038,27.0,3
1039,-5.0,1
1040,10.0,4
1041,-5.0,1
1042,25.0,2
1043,32.0,6
1044,11.0,2
1045,15.0,4
1046,17.0,6
1047,27.0,2
1048,-5.0,1
1049,31.0,4
1050,29.0,3
1051,27.0,2
1052,-5.0,1
1053,-5.0,1
1054,16.0,4
1055,27.0,2
1056,29.0,3
1057,24.0,2
1058,-12.0,3
1059,29.0,3
1060,29.0,3
1061,-5.0,1
1062,14.0,4
1063,11.0,2
1064,10.0,4
1065,-5.0,1
1066,28.0,3
1067,29.0,3
1068,-5.0,1
1069,-5.0,1
1070,29.0,3
1071,12.0,3
1072,33.0,5
1073,14.0,3
1074,-1.0,8
1075,14.0,4
1076,14.0,3
1077,-5.0,1
1078,-5.0,1
1079,27.0,2
1080,27.0,2
1081,-5.0,1
1082,28.0,3
1083,26.0,2
1084,28.0,4
1085,11.0,3
1086,24.0,2
1087,-5.0,1
1088,-5.0,1
1089,-5.0,1
1090,30.0,4
1091,-5.0,1
1092,29.0,3
1093,27.0,2
1094,12.0,2
1095,9.0,4
1096,17.0,5
1097,-5.0,1
1098,27.0,2
1099,27.0,2
1100,26.0,3
1101,-5.0,1
1102,-5.0,1
1103,-5.0,1
1104,28.0,3
1105,-5.0,1
1106,16.0,4
1107,-5.0,1
1108,-5.0,1
1109,-5.0,1
1110,11.0,2
1111,26.0,2
1112,28.0,6
1113,14.0,3
1114,25.0,4
1115,29.0,3
1116,-5.0,1
1117,-5.0,1
1118,27.0,3
1119,-5.0,1
1120,-5.0,1
1121,10.0,7
1122,-5.0,1
1123,12.0,2
1124,27.0,2
1125,-5.0,1
1126,-5.0,1
1127,-5.0,1
1128,13.0,3
1129,-5.0,1
1130,26.0,2
1131,29.0,3
1132,-5.0,1
1133,-5.0,1
1134,-13.0,2
1135,-5.0,1
1136,36.0,7
1137,-5.0,1
1138,-5.0,1
1139,7.0,4
1140,-14.0,2
1141,27.0,2
1142,-5.0,1
1143,17.0,5
1144,14.0,3
1145,17.0,5
1146,-5.0,1
1147,12.0,2
1148,26.0,2
1149,12.0,2
1150,-5.0,1
1151,-5.0,1
1152,-5.0,1
1153,-5.0,1
1154,-5.0,1
1155,16.0,4
1156,16.0,4
1157,29.0,4
1158,-5.0,1
1159,29.0,4
1160,-7.0,5
1161,-5.0,1
1162,-5.0,1
1163,27.0,2
1164,-5.0,1
1165,-5.0,1
1166,11.0,3
1167,-5.0,1
1168,-5.0,1
1169,-5.0,1
1170,-6.0,6
1171,17.0,6
1172,-10.0,4
1173,-5.0,1
1174,-5.0,1
1175,26.0,2
1176,16.0,4
1177,8.0,3
1178,15.0,4
1179,-5.0,1
1180,24.0,2
1181,18.0,5
1182,31.0,6
1183,27.0,2
1184,-5.0,1
1185,26.0,5
1186,27.0,2
1187,27.0,2
1188,-5.0,1
1189,15.0,4
1190,13.0,3
1191,14.0,3
1192,-5.0,1
1193,16.0,4
1194,29.0,3
1195,13.0,4
1196,27.0,2
1197,14.0,3
1198,-9.0,4
1199,-5.0,1
1200,14.0,3
1201,-12.0,4
1202,-10.0,4
1203,14.0,3
1204,-5.0,1
1205,-5.0,1
1206,12.0,2
1207,-5.0,1
1208,26.0,3
1209,13.0,3
1210,-5.0,1
1211,-5.0,1
1212,-5.0,1
1213,26.0,2
1214,-5.0,1
1215,-5.0,1
1216,28.0,3
1217,-5.0,1
1218,12.0,3
1219,14.0,3
1220,-5.0,1
1221,16.0,4
1222,-5.0,1
1223,-5.0,1
1224,18.0,5
1225,31.0,4
1226,16.0,4
1227,-5.0,1
1228,12.0,2
1229,-5.0,1
1230,-5.0,1
1231,12.0,2
1232,-5.0,1
1233,-5.0,1
1234,14.0,3
1235,9.0,2
1236,-5.0,1
1237,16.0,4
1238,-21.0,7
1239,29.0,3
1240,16.0,4
1241,-5.0,1
1242,16.0,4
1243,-5.0,1
1244,12.0,2
1245,27.0,2
1246,-5.0,1
1247,-5.0,1
1248,-5.0,1
1249,27.0,2
1250,14.0,3
1251,-5.0,1
1252,12.0,2
1253,16.0,8
1254,-8.0,5
1255,27.0,2
1256,-5.0,1
1257,12.0,5
1258,16.0,4
1259,29.0,3
1260,-5.0,1
1261,16.0,4
1262,-1.0,8
1263,27.0,2
1264,-5.0,1
1265,26.0,2
1266,-5.0,1
1267,18.0,5
1268,14.0,3
1269,10.0,7
1270,27.0,2
1271,12.0,2
1272,27.0,2
1273,12.0,2
1274,-5.0,1
1275,12.0,5
1276,-5.0,1
1277,-5.0,1
1278,11.0,3
1279,26.0,2
1280,34.0,6
1281,12.0,2
1282,27.0,2
1283,27.0,2
1284,17.0,6
1285,-5.0,1
1286,-5.0,1
1287,-5.0,1
1288,12.0,2
1289,12.0,2
1290,29.0,3
1291,14.0,3
1292,9.0,3
1293,27.0,2
1294,-5.0,1
1295,-5.0,1
1296,-5.0,1
1297,12.0,2
1298,-5.0,1
1299,16.0,4
1300,12.0,2
1301,18.0,5
1302,-5.0,1
1303,-5.0,1
1304,16.0,4
1305,-5.0,1
1306,27.0,2
1307,-5.0,1
1308,12.0,2
1309,-5.0,1
1310,18.0,5
1311,-13.0,2
1312,-5.0,1
1313,14.0,3
1314,26.0,2
1315,-5.0,1
1316,18.0,5
1317,16.0,4
1318,-5.0,1
1319,31.0,4
1320,-5.0,1
1321,-5.0,1
1322,18.0,5
1323,22.0,7
1324,27.0,2
1325,20.0,6
1326,27.0,2
1327,32.0,5
1328,29.0,3
1329,-5.0,1
1330,31.0,4
1331,29.0,3
1332,11.0,2
1333,27.0,2
1334,18.0,5
1335,-5.0,1
1336,14.0,3
1337,29.0,3
1338,-5.0,1
1339,-5.0,1
1340,27.0,2
1341,16.0,4
1342,27.0,2
1343,-5.0,1
1344,-5.0,1
1345,-5.0,1
1346,-5.0,1
1347,26.0,2
1348,12.0,2
1349,27.0,2
1350,-5.0,1
1351,12.0,2
1352,-5.0,1
1353,-5.0,1
1354,12.0,2
1355,14.0,3
1356,-5.0,1
1357,-5.0,1
1358,16.0,4
1359,-5.0,1
1360,-5.0,1
1361,27.0,2
1362,15.0,4
1363,16.0,4
1364,-12.0,3
1365,27.0,2
1366,16.0,4
1367,-5.0,1
1368,-5.0,1
1369,-5.0,1
1370,12.0,2
1371,27.0,2
1372,16.0,4
1373,-5.0,1
1374,29.0,3
1375,-5.0,1
1376,12.0,2
1377,16.0,4
1378,16.0,4
1379,27.0,2
1380,-5.0,1
1381,27.0,3
1382,26.0,2
1383,-3.0,7
1384,-5.0,1
1385,-5.0,1
1386,-5.0,1
1387,-5.0,1
1388,29.0,3
1389,14.0,3
1390,-10.0,4
1391,16.0,4
1392,13.0,4
1393,-5.0,1
1394,-5.0,1
1395,11.0,6
1396,16.0,4
1397,-5.0,1
1398,-3.0,7
1399,7.0,4
1400,29.0,3
1401,-5.0,1
1402,26.0,3
1403,27.0,2
1404,-5.0,1
1405,-5.0,1
1406,27.0,2
1407,-5.0,1
1408,29.0,3
1409,27.0,2
1410,24.0,2
1411,6.0,5
1412,28.0,3
1413,-5.0,1
1414,11.0,2
1415,27.0,2
1416,14.0,3
1417,-7.0,8
1418,16.0,4
1419,-5.0,6
1420,26.0,2
1421,18.0,5
1422,-5.0,1
1423,20.0,6
1424,16.0,4
1425,-12.0,3
1426,-5.0,1
1427,16.0,4
1428,-5.0,1
1429,-5.0,1
1430,-5.0,1
1431,-5.0,1
1432,28.0,3
1433,-5.0,1
1434,-5.0,1
1435,27.0,2
1436,-5.0,1
1437,-7.0,5
1438,-5.0,1
1439,-5.0,1
1440,-5.0,1
1441,12.0,2
1442,-5.0,1
1443,-5.0,1
1444,-5.0,1
1445,-5.0,1
1446,12.0,2
1447,12.0,2
1448,-7.0,5
1449,18.0,5
1450,29.0,3
1451,13.0,4
1452,-5.0,1
1453,27.0,2
1454,-5.0,1
1455,14.0,3
1456,28.0,3
1457,15.0,4
1458,27.0,2
1459,-5.0,1
1460,17.0,6
1461,11.0,2
1462,-5.0,1
1463,18.0,5
1464,27.0,2
1465,16.0,4
1466,27.0,2
1467,31.0,4
1468,27.0,2
1469,16.0,4
1470,20.0,6
1471,12.0,2
1472,-5.0,1
1473,13.0,4
1474,-5.0,1
1475,13.0,4
1476,27.0,2
1477,-5.0,1
1478,-5.0,1
1479,-5.0,1
1480,-5.0,1
1481,-5.0,1
1482,-5.0,1
1483,-5.0,1
1484,-5.0,1
1485,-7.0,5
1486,-5.0,1
1487,-20.0,6
1488,12.0,2
1489,12.0,2
1490,-5.0,1
1491,11.0,2
1492,-5.0,1
1493,-5.0,1
1494,12.0,2
1495,-5.0,1
1496,-5.0,1
1497,-5.0,1
1498,-5.0,1
1499,12.0,2
1500,27.0,2
1501,-5.0,1
1502,-5.0,1
1503,16.0,4
1504,-5.0,1
1505,12.0,2
1506,12.0,2
1507,-5.0,1
1508,-5.0,1
1509,-5.0,1
1510,-5.0,1
1511,-5.0,1
1512,27.0,2
1513,-5.0,1
1514,-5.0,1
1515,-5.0,1
1516,-5.0,1
1517,16.0,4
1518,-5.0,1
1519,-5.0,1
1520,14.0,3
1521,12.0,2
1522,-5.0,1
1523,30.0,4
1524,26.0,2
1525,16.0,4
1526,-5.0,1
1527,27.0,2
1528,13.0,4
1529,16.0,4
1530,-5.0,1
1531,16.0,4
1532,-5.0,1
1533,-5.0,1
1534,18.0,5
1535,27.0,2
1536,-5.0,1
1537,16.0,4
1538,26.0,2
1539,29.0,3
1540,-5.0,1
1541,18.0,5
1542,16.0,4
1543,27.0,2
1544,15.0,4
1545,29.0,3
1546,31.0,4
1547,27.0,2
1548,16.0,4
1549,12.0,2
1550,-5.0,1
1551,14.0,3
1552,27.0,2
1553,29.0,3
1554,27.0,2
1555,-5.0,1
1556,16.0,4
1557,27.0,2
1558,14.0,3
1559,-5.0,1
1560,16.0,4
1561,-5.0,6
1562,-5.0,1
1563,10.0,2
1564,-5.0,1
1565,-5.0,1
1566,21.0,7
1567,-5.0,1
1568,-5.0,6
1569,-5.0,1
1570,26.0,2
1571,-5.0,1
1572,12.0,2
1573,12.0,2
1574,27.0,2
1575,-5.0,1
1576,-5.0,1
1577,-5.0,1
1578,29.0,3
1579,14.0,3
1580,-5.0,1
1581,-5.0,1
1582,-5.0,1
1583,19.0,6
1584,-5.0,1
1585,-5.0,1
1586,12.0,2
1587,18.0,5
1588,-5.0,1
1589,-5.0,1
1590,29.0,3
1591,13.0,3
1592,26.0,2
1593,26.0,3
1594,8.0,3
1595,-5.0,1
1596,27.0,2
1597,31.0,4
1598,14.0,3
1599,16.0,5
1600,27.0,2
1601,27.0,2
1602,14.0,3
1603,20.0,6
1604,-3.0,7
1605,25.0,4
1606,29.0,3
1607,-5.0,1
1608,29.0,3
1609,31.0,4
1610,-5.0,1
1611,18.0,5
1612,29.0,3
1613,18.0,5
1614,27.0,2
1615,18.0,5
1616,29.0,3
1617,16.0,4
1618,29.0,3
1619,33.0,5
1620,-4.0,7
1621,30.0,4
1622,27.0,2
1623,29.0,3
1624,29.0,3
1625,14.0,5
1626,26.0,5
1627,29.0,3
1628,-5.0,1
1629,27.0,2
1630,16.0,4
1631,-5.0,1
1632,20.0,6
1633,12.0,2
1634,27.0,2
1635,11.0,2
1636,-5.0,1
1637,-5.0,1
1638,14.0,3
1639,29.0,3
1640,12.0,2
1641,-5.0,1
1642,16.0,4
1643,27.0,2
1644,-5.0,1
1645,-5.0,1
1646,-10.0,4
1647,16.0,4
1648,-5.0,1
1649,-5.0,1
1650,-5.0,1
1651,27.0,2
1652,12.0,4
1653,27.0,2
1654,8.0,3
1655,12.0,2
1656,-5.0,1
1657,14.0,3
1658,-5.0,1
1659,31.0,4
1660,-5.0,1
1661,18.0,5
1662,-5.0,1
1663,-5.0,1
1664,-19.0,5
1665,10.0,4
1666,-5.0,1
1667,28.0,3
1668,-5.0,1
1669,18.0,5
1670,-5.0,1
1671,18.0,5
1672,27.0,2
1673,16.0,4
1674,-5.0,1
1675,-5.0,1
1676,-5.0,1
1677,7.0,4
1678,-5.0,1
1679,-4.0,8
1680,27.0,2
1681,-5.0,1
1682,31.0,5
1683,11.0,6
1684,26.0,2
1685,18.0,5
1686,25.0,4
1687,24.0,2
1688,18.0,5
1689,29.0,3
1690,29.0,3
1691,27.0,2
1692,27.0,2
1693,-5.0,1
1694,29.0,3
1695,16.0,4
1696,20.0,6
1697,29.0,3
1698,14.0,3
1699,-5.0,1
1700,29.0,3
1701,29.0,3
1702,11.0,3
1703,-5.0,1
1704,27.0,2
1705,-5.0,1
1706,29.0,3
1707,16.0,4
1708,28.0,3
1709,27.0,2
1710,27.0,2
1711,27.0,2
1712,12.0,2
1713,14.0,3
1714,-5.0,1
1715,-5.0,1
1716,14.0,3
1717,-5.0,1
1718,-5.0,1
1719,27.0,2
1720,14.0,3
1721,13.0,3
1722,-5.0,1
1723,18.0,5
1724,16.0,4
1725,-5.0,1
1726,-5.0,1
1727,-5.0,1
1728,-5.0,1
1729,-9.0,5
1730,-5.0,1
1731,-5.0,1
1732,-5.0,1
1733,14.0,3
1734,12.0,2
1735,-5.0,1
1736,-5.0,6
1737,18.0,5
1738,14.0,3
1739,27.0,2
1740,16.0,4
1741,16.0,4
1742,27.0,2
1743,-9.0,4
1744,-5.0,1
1745,27.0,2
1746,-5.0,1
1747,-5.0,1
1748,-5.0,1
1749,12.0,2
1750,12.0,2
1751,-5.0,1
1752,27.0,2
1753,-5.0,1
1754,-5.0,1
1755,-5.0,1
1756,-5.0,1
1757,-5.0,1
1758,-9.0,4
1759,12.0,2
1760,-5.0,1
1761,12.0,2
1762,27.0,2
1763,-5.0,1
1764,-5.0,1
1765,14.0,3
1766,12.0,2
1767,14.0,3
1768,-5.0,1
1769,-5.0,1
1770,-5.0,1
1771,-5.0,1
1772,11.0,2
1773,27.0,2
1774,-5.0,1
1775,8.0,3
1776,-6.0,6
1777,-7.0,5
1778,29.0,3
1779,-5.0,1
1780,27.0,2
1781,26.0,2
1782,-5.0,1
1783,31.0,4
1784,27.0,2
1785,-5.0,1
1786,-5.0,1
1787,12.0,2
1788,14.0,3
1789,-9.0,4
1790,-5.0,1
1791,-5.0,1
1792,-5.0,1
1793,16.0,4
1794,-5.0,1
1795,-5.0,1
1796,14.0,3
1797,-5.0,1
1798,-5.0,1
1799,27.0,2
1800,-5.0,1
1801,-5.0,1
1802,-5.0,1
1803,31.0,4
1804,27.0,2
1805,12.0,2
1806,16.0,4
1807,27.0,2
1808,-5.0,1
1809,-5.0,1
1810,16.0,4
1811,-5.0,1
1812,-5.0,1
1813,27.0,2
1814,-5.0,1
1815,12.0,2
1816,-5.0,1
1817,-9.0,4
1818,13.0,3
1819,-5.0,1
1820,14.0,3
1821,27.0,3
1822,25.0,2
1823,-5.0,1
1824,11.0,3
1825,16.0,4
1826,-5.0,1
1827,11.0,2
1828,-5.0,1
1829,-5.0,1
1830,-5.0,1
1831,27.0,2
1832,26.0,3
1833,27.0,2
1834,29.0,3
1835,-5.0,1
1836,26.0,3
1837,-5.0,1
1838,27.0,2
1839,-5.0,1
1840,23.0,3
1841,-5.0,1
1842,29.0,3
1843,27.0,2
1844,27.0,2
1845,27.0,2
1846,27.0,2
1847,12.0,2
1848,-5.0,1
1849,14.0,3
1850,12.0,2
1851,-5.0,1
1852,-5.0,1
1853,16.0,4
1854,18.0,5
1855,-5.0,1
1856,-5.0,1
1857,-5.0,1
1858,-5.0,1
1859,16.0,4
1860,26.0,2
1861,-5.0,1
1862,29.0,3
1863,27.0,2
1864,12.0,2
1865,18.0,5
1866,-5.0,1
1867,14.0,3
1868,12.0,2
1869,18.0,5
1870,-5.0,1
1871,-5.0,1
1872,27.0,2
1873,-5.0,1
1874,-5.0,1
1875,-5.0,1
1876,13.0,3
1877,12.0,2
1878,14.0,3
1879,27.0,2
1880,-5.0,1
1881,-5.0,1
1882,14.0,3
1883,27.0,2
1884,-5.0,1
1885,14.0,3
1886,28.0,3
1887,27.0,2
1888,-5.0,1
1889,14.0,3
1890,27.0,2
1891,16.0,4
1892,29.0,3
1893,15.0,4
1894,27.0,2
1895,27.0,2
1896,11.0,3
1897,16.0,4
1898,-5.0,1
1899,12.0,2
1900,-5.0,1
1901,16.0,4
1902,27.0,2
1903,-5.0,1
1904,-5.0,1
1905,14.0,3
1906,14.0,3
1907,-5.0,1
1908,12.0,2
1909,-5.0,1
1910,14.0,3
1911,-5.0,1
1912,-5.0,1
1913,14.0,3
1914,27.0,2
1915,14.0,3
1916,29.0,3
1917,-5.0,1
1918,27.0,2
1919,-5.0,1
1920,12.0,2
1921,-5.0,1
1922,29.0,3
1923,-5.0,1
1924,-5.0,1
1925,14.0,3
1926,16.0,4
1927,-5.0,1
1928,12.0,2
1929,14.0,3
1930,-5.0,1
1931,-5.0,1
1932,12.0,3
1933,14.0,3
1934,-5.0,1
1935,-5.0,1
1936,-5.0,1
1937,-5.0,1
1938,27.0,3
1939,14.0,3
1940,14.0,3
1941,29.0,3
1942,14.0,3
1943,29.0,3
1944,-5.0,1
1945,-5.0,1
1946,27.0,2
1947,14.0,3
1948,-11.0,3
1949,-5.0,1
1950,-5.0,1
1951,-5.0,1
1952,-11.0,3
1953,14.0,3
1954,14.0,3
1955,24.0,2
1956,-5.0,1
1957,16.0,4
1958,-5.0,1
1959,16.0,4
1960,-5.0,1
1961,27.0,2
1962,14.0,3
1963,26.0,2
1964,14.0,3
1965,14.0,3
1966,18.0,5
1967,-5.0,1
1968,-5.0,1
1969,27.0,2
1970,27.0,2
1971,27.0,2
1972,11.0,3
1973,29.0,3
1974,14.0,3
1975,14.0,3
1976,13.0,3
1977,18.0,5
1978,14.0,3
1979,-5.0,1
1980,12.0,2
1981,27.0,2
1982,14.0,3
1983,-5.0,1
1984,-5.0,1
1985,25.0,4
1986,31.0,4
1987,18.0,5
1988,33.0,5
1989,-5.0,1
1990,27.0,2
1991,15.0,4
1992,27.0,2
1993,-5.0,1
1994,14.0,3
1995,27.0,2
1996,14.0,3
1997,31.0,4
1998,16.0,4
1999,16.0,4
2000,27.0,2
2001,27.0,2
2002,29.0,3
2003,14.0,3
2004,27.0,2
2005,29.0,3
2006,16.0,4
2007,-5.0,1
2008,27.0,2
2009,27.0,2
2010,29.0,3
2011,-5.0,1
2012,27.0,2
2013,14.0,3
2014,-5.0,1
2015,27.0,2
2016,16.0,4
2017,13.0,3
2018,-5.0,1
2019,27.0,2
2020,-5.0,1
2021,16.0,4
2022,18.0,5
2023,16.0,4
2024,26.0,3
2025,27.0,2
2026,-5.0,1
2027,16.0,4
2028,16.0,4
2029,-5.0,1
2030,27.0,2
2031,17.0,6
2032,29.0,3
2033,-5.0,1
2034,12.0,2
2035,-5.0,1
2036,27.0,2
2037,31.0,4
2038,27.0,2
2039,14.0,3
2040,14.0,3
2041,-5.0,1
2042,29.0,3
2043,12.0,2
2044,-5.0,1
2045,16.0,4
2046,18.0,5
2047,27.0,2
2048,-5.0,1
2049,30.0,4
2050,-5.0,1
2051,16.0,4
2052,27.0,2
2053,27.0,2
2054,14.0,3
2055,12.0,2
2056,-5.0,1
2057,12.0,2
2058,16.0,4
2059,14.0,3
2060,-5.0,1
2061,-5.0,1
2062,14.0,3
2063,12.0,2
2064,27.0,2
2065,-5.0,1
2066,15.0,4
2067,-5.0,1
2068,-5.0,1
2069,27.0,2
2070,16.0,4
2071,27.0,2
2072,27.0,2
2073,-5.0,1
2074,14.0,3
2075,29.0,3
2076,29.0,3
2077,29.0,3
2078,16.0,4
2079,27.0,2
2080,29.0,3
2081,10.0,4
2082,20.0,6
2083,-5.0,1
2084,14.0,3
2085,-5.0,1
2086,14.0,3
2087,27.0,2
2088,29.0,3
2089,29.0,3
2090,29.0,3
2091,29.0,3
2092,12.0,2
2093,-5.0,1
2094,29.0,3
2095,27.0,2
2096,-5.0,1
2097,-5.0,1
2098,-7.0,5
2099,29.0,3
2100,29.0,3
2101,27.0,2
2102,16.0,4
2103,18.0,5
2104,15.0,4
2105,-5.0,1
2106,-5.0,1
2107,27.0,2
2108,-5.0,1
2109,27.0,2
2110,27.0,2
2111,-5.0,1
2112,13.0,4
2113,29.0,3
2114,16.0,4
2115,27.0,2
2116,16.0,4
2117,11.0,2
2118,16.0,4
2119,-5.0,1
2120,-5.0,1
2121,29.0,3
2122,-5.0,1
2123,16.0,4
2124,-7.0,5
2125,26.0,3
2126,14.0,3
2127,27.0,2
2128,27.0,2
2129,-5.0,1
2130,-5.0,1
2131,-5.0,1
2132,-5.0,1
2133,27.0,2
2134,27.0,2
2135,-5.0,1
2136,27.0,2
2137,16.0,4
2138,29.0,3
2139,-5.0,1
2140,31.0,4
2141,27.0,2
2142,27.0,2
2143,20.0,6
2144,-5.0,1
2145,-5.0,1
2146,-5.0,1
2147,-5.0,1
2148,28.0,3
2149,26.0,2
2150,-5.0,1
2151,16.0,4
2152,-5.0,1
2153,27.0,2
2154,14.0,3
2155,12.0,2
2156,-5.0,1
2157,14.0,3
2158,12.0,2
2159,-5.0,1
2160,12.0,2
2161,-5.0,1
2162,12.0,2
2163,12.0,2
2164,12.0,2
2165,-5.0,1
2166,27.0,2
2167,-5.0,1
2168,12.0,2
2169,14.0,3
2170,-5.0,1
2171,-5.0,1
2172,-5.0,1
2173,16.0,4
2174,-5.0,1
2175,27.0,2
2176,12.0,2
2177,-5.0,1
2178,29.0,3
2179,27.0,2
2180,14.0,3
2181,27.0,2
2182,-5.0,1
2183,-5.0,1
2184,-9.0,4
2185,27.0,2
2186,27.0,2
2187,13.0,3
2188,-5.0,1
2189,12.0,2
2190,-5.0,1
2191,-5.0,1
2192,-5.0,1
2193,12.0,2
2194,27.0,2
2195,14.0,3
2196,-5.0,1
2197,-5.0,1
2198,12.0,2
2199,12.0,2
2200,-5.0,1
2201,-5.0,1
2202,27.0,2
2203,26.0,2
2204,-5.0,1
2205,-5.0,1
2206,14.0,3
2207,-13.0,2
2208,27.0,2
2209,-5.0,1
2210,-5.0,1
2211,-5.0,1
2212,-5.0,1
2213,16.0,4
2214,12.0,2
2215,27.0,2
2216,-5.0,1
2217,-5.0,1
2218,14.0,3
2219,-5.0,1
2220,27.0,2
2221,14.0,3
2222,-5.0,1
2223,27.0,2
2224,27.0,2
2225,13.0,3
2226,12.0,2
2227,-5.0,1
2228,27.0,2
2229,12.0,2
2230,27.0,2
2231,14.0,3
2232,12.0,2
2233,12.0,2
2234,-5.0,1
2235,-11.0,3
2236,-6.0,6
2237,27.0,2
2238,-5.0,6
2239,29.0,3
2240,-5.0,1
2241,27.0,2
2242,26.0,2
2243,29.0,3
2244,-5.0,1
2245,27.0,2
2246,27.0,2
2247,-11.0,4
2248,-5.0,1
2249,14.0,3
2250,12.0,2
2251,-5.0,1
2252,29.0,5
2253,-5.0,1
2254,-5.0,1
2255,14.0,3
2256,-5.0,1
2257,-5.0,1
2258,27.0,2
2259,16.0,4
2260,27.0,2
2261,29.0,3
2262,-5.0,1
2263,-5.0,1
2264,14.0,3
2265,14.0,3
2266,-5.0,1
2267,27.0,2
2268,14.0,3
2269,18.0,5
2270,-7.0,5
2271,-5.0,1
2272,-5.0,1
2273,27.0,2
2274,-14.0,2
2275,12.0,2
2276,29.0,3
2277,14.0,3
2278,27.0,2
2279,-5.0,1
2280,12.0,2
2281,11.0,2
2282,27.0,2
2283,-9.0,4
2284,27.0,2
2285,-5.0,1
2286,13.0,3
2287,12.0,2
2288,18.0,5
2289,12.0,2
2290,12.0,2
2291,27.0,2
2292,14.0,3
2293,-5.0,1
2294,-9.0,4
2295,-11.0,3
2296,-11.0,3
2297,27.0,3
2298,-5.0,1
2299,12.0,2
2300,12.0,2
2301,27.0,2
2302,14.0,3
2303,14.0,3
2304,12.0,2
2305,-5.0,1
2306,-5.0,1
2307,-5.0,1
2308,14.0,3
2309,16.0,4
2310,14.0,3
2311,-5.0,1
2312,12.0,2
2313,12.0,2
2314,27.0,2
2315,-9.0,4
2316,-11.0,3
2317,29.0,3
2318,9.0,2
2319,12.0,2
2320,14.0,3
2321,-5.0,1
2322,-5.0,6
2323,28.0,4
2324,29.0,3
2325,-12.0,3
2326,27.0,2
2327,27.0,2
2328,14.0,3
2329,29.0,3
2330,27.0,2
2331,12.0,2
2332,12.0,2
2333,-5.0,1
2334,14.0,3
2335,27.0,2
2336,-5.0,1
2337,-7.0,5
2338,27.0,2
2339,-11.0,3
2340,8.0,3
2341,-5.0,1
2342,12.0,2
2343,27.0,2
2344,-5.0,1
2345,16.0,4
2346,26.0,2
2347,27.0,2
2348,-5.0,1
2349,-5.0,1
2350,-10.0,4
2351,27.0,2
2352,-5.0,1
2353,27.0,2
2354,-9.0,4
2355,14.0,3
2356,-5.0,1
2357,14.0,3
2358,-5.0,1
2359,-5.0,1
2360,31.0,4
2361,29.0,3
2362,-5.0,1
2363,27.0,2
2364,28.0,3
2365,27.0,2
2366,12.0,2
2367,27.0,2
2368,-5.0,1
2369,27.0,2
2370,27.0,2
2371,27.0,2
2372,-5.0,1
2373,-11.0,3
2374,-5.0,1
2375,12.0,2
2376,27.0,2
2377,27.0,2
2378,27.0,2
2379,14.0,3
2380,-5.0,1
2381,14.0,3
2382,28.0,4
2383,-5.0,1
2384,-5.0,1
2385,-5.0,1
2386,27.0,2
2387,27.0,2
2388,27.0,2
2389,-5.0,1
2390,27.0,2
2391,27.0,2
2392,16.0,4
2393,25.0,2
2394,12.0,2
2395,14.0,3
2396,29.0,3
2397,-5.0,1
2398,29.0,3
2399,14.0,3
2400,14.0,3
2401,12.0,2
2402,12.0,2
2403,29.0,3
2404,-7.0,5
2405,-5.0,1
2406,12.0,2
2407,-5.0,1
2408,27.0,2
2409,27.0,2
2410,-7.0,5
2411,14.0,3
2412,-5.0,1
2413,-5.0,1
2414,-10.0,4
2415,-5.0,1
2416,-5.0,1
2417,-5.0,1
2418,12.0,2
2419,-5.0,1
2420,-10.0,4
2421,-7.0,5
2422,27.0,2
2423,12.0,2
2424,-11.0,3
2425,12.0,2
2426,12.0,2
2427,12.0,2
2428,12.0,2
2429,29.0,3
2430,16.0,4
2431,14.0,4
2432,12.0,3
2433,14.0,3
2434,16.0,4
2435,27.0,2
2436,27.0,2
2437,-5.0,1
2438,-5.0,1
2439,-11.0,3
2440,-5.0,1
2441,14.0,3
2442,27.0,2
2443,12.0,2
2444,29.0,3
2445,27.0,2
2446,16.0,4
2447,-5.0,1
2448,14.0,3
2449,14.0,3
2450,32.0,5
2451,-5.0,1
2452,12.0,2
2453,14.0,3
2454,29.0,3
2455,27.0,2
2456,31.0,4
2457,27.0,2
2458,29.0,3
2459,-10.0,4
2460,-5.0,1
2461,13.0,3
2462,27.0,2
2463,24.0,2
2464,29.0,3
2465,24.0,2
2466,29.0,3
2467,16.0,4
2468,27.0,2
2469,-5.0,1
2470,29.0,3
2471,-5.0,1
2472,27.0,2
2473,27.0,2
2474,27.0,2
2475,12.0,2
2476,29.0,3
2477,-5.0,6
2478,14.0,3
2479,16.0,4
2480,-5.0,1
2481,-11.0,3
2482,-5.0,1
2483,-5.0,1
2484,27.0,2
2485,-5.0,1
2486,29.0,3
2487,14.0,3
2488,-5.0,1
2489,14.0,3
2490,27.0,2
2491,-5.0,1
2492,27.0,2
2493,27.0,2
2494,-5.0,1
2495,-5.0,1
2496,27.0,2
2497,27.0,2
2498,-11.0,3
2499,27.0,2
2500,-5.0,1
2501,27.0,2
2502,12.0,2
2503,-5.0,1
2504,-5.0,1
2505,-5.0,1
2506,-5.0,1
2507,-5.0,1
2508,-5.0,1
2509,27.0,2
2510,12.0,2
2511,14.0,3
2512,27.0,2
2513,27.0,2
2514,-9.0,4
2515,18.0,5
2516,30.0,4
2517,14.0,3
2518,29.0,3
2519,-5.0,1
2520,14.0,3
2521,29.0,3
2522,27.0,2
2523,-5.0,1
2524,-5.0,1
2525,-5.0,1
2526,-5.0,1
2527,27.0,2
2528,-5.0,1
2529,-5.0,1
2530,-5.0,1
2531,-11.0,3
2532,-9.0,4
2533,27.0,2
2534,14.0,3
2535,-5.0,1
2536,-7.0,5
2537,-5.0,1
2538,-5.0,1
2539,27.0,2
2540,14.0,3
2541,-5.0,1
2542,12.0,2
2543,-5.0,1
2544,-5.0,1
2545,-5.0,1
2546,-5.0,1
2547,-5.0,1
2548,-5.0,1
2549,27.0,2
2550,12.0,2
2551,-5.0,1
2552,27.0,2
2553,14.0,3
2554,-5.0,1
2555,12.0,2
2556,14.0,3
2557,-11.0,3
2558,-13.0,2
2559,-5.0,1
2560,-5.0,1
2561,-5.0,1
2562,-5.0,1
2563,-5.0,1
2564,-5.0,1
2565,-9.0,4
2566,-5.0,1
2567,12.0,2
2568,-5.0,1
2569,12.0,2
2570,-5.0,1
2571,-5.0,1
2572,-5.0,1
2573,13.0,4
2574,29.0,3
2575,29.0,3
2576,14.0,3
2577,27.0,2
2578,27.0,2
2579,27.0,2
2580,14.0,3
2581,-5.0,1
2582,16.0,4
2583,14.0,3
2584,27.0,2
2585,-5.0,1
2586,-5.0,1
2587,27.0,2
2588,-5.0,1
2589,-14.0,2
2590,27.0,2
2591,-7.0,5
2592,26.0,3
2593,27.0,2
2594,27.0,2
2595,14.0,3
2596,13.0,3
2597,24.0,2
2598,-5.0,1
2599,-5.0,1
2600,12.0,2
2601,-5.0,1
2602,27.0,2
2603,27.0,2
2604,29.0,3
2605,12.0,2
2606,-11.0,3
2607,12.0,2
2608,-5.0,1
2609,27.0,2
2610,27.0,2
2611,12.0,2
2612,26.0,2
2613,12.0,2
2614,29.0,3
2615,27.0,2
2616,28.0,4
2617,29.0,3
2618,27.0,2
2619,-5.0,1
2620,11.0,2
2621,-5.0,1
2622,-5.0,1
2623,-5.0,1
2624,11.0,2
2625,29.0,3
2626,-11.0,3
2627,18.0,5
2628,12.0,2
2629,16.0,4
2630,27.0,2
2631,26.0,2
2632,14.0,3
2633,12.0,2
2634,27.0,2
2635,31.0,4
2636,-5.0,1
2637,-5.0,1
2638,-5.0,1
2639,29.0,3
2640,11.0,2
2641,27.0,2
2642,-5.0,1
2643,27.0,2
2644,27.0,2
2645,-5.0,1
2646,14.0,3
2647,29.0,3
2648,-5.0,1
2649,14.0,3
2650,-13.0,2
2651,27.0,2
2652,11.0,2
2653,-5.0,1
2654,-5.0,1
2655,-5.0,1
2656,27.0,2
2657,-5.0,1
2658,14.0,3
2659,12.0,2
2660,27.0,2
2661,12.0,2
2662,27.0,2
2663,-5.0,1
2664,-5.0,1
2665,-5.0,1
2666,-5.0,1
2667,12.0,2
2668,12.0,2
2669,12.0,2
2670,12.0,2
2671,27.0,2
2672,-5.0,1
2673,-5.0,1
2674,14.0,3
2675,-11.0,3
2676,-5.0,1
2677,11.0,3
2678,-11.0,3
2679,-5.0,1
2680,-5.0,1
2681,-5.0,1
2682,-5.0,1
2683,-5.0,1
2684,14.0,3
2685,29.0,3
2686,12.0,2
2687,-5.0,1
2688,27.0,2
2689,-5.0,1
2690,-5.0,1
2691,-5.0,1
2692,-5.0,1
2693,27.0,2
2694,-5.0,1
2695,27.0,2
2696,-5.0,1
2697,16.0,4
2698,-5.0,1
2699,13.0,3
2700,-5.0,1
2701,-9.0,4
2702,-5.0,1
2703,27.0,2
2704,27.0,2
2705,16.0,4
2706,-8.0,5
2707,-5.0,1
2708,-5.0,1
2709,27.0,2
2710,14.0,3
2711,14.0,3
2712,-5.0,1
2713,14.0,3
2714,27.0,2
2715,31.0,4
2716,14.0,3
2717,-5.0,1
2718,29.0,3
2719,29.0,3
2720,14.0,3
2721,16.0,4
2722,29.0,3
2723,16.0,4
2724,29.0,3
2725,12.0,3
2726,14.0,3
2727,14.0,3
2728,16.0,4
2729,27.0,2
2730,13.0,3
2731,29.0,3
2732,27.0,2
2733,14.0,3
2734,16.0,4
2735,29.0,3
2736,27.0,2
2737,27.0,2
2738,31.0,4
2739,14.0,3
2740,-9.0,4
2741,27.0,2
2742,30.0,4
2743,14.0,3
2744,16.0,4
2745,14.0,3
2746,29.0,3
2747,29.0,3
2748,-5.0,1
2749,-9.0,4
2750,12.0,2
2751,-5.0,1
2752,-11.0,3
2753,14.0,3
2754,29.0,3
2755,29.0,3
2756,-5.0,1
2757,12.0,2
2758,-5.0,1
2759,-5.0,1
2760,-5.0,1
2761,-5.0,1
2762,-5.0,1
2763,12.0,2
2764,29.0,3
2765,27.0,2
2766,-5.0,1
2767,-5.0,1
2768,-11.0,3
2769,-13.0,2
2770,-5.0,1
2771,-9.0,4
2772,-5.0,1
2773,-5.0,1
2774,12.0,2
2775,-5.0,1
2776,-5.0,1
2777,14.0,3
2778,-14.0,2
2779,-5.0,1
2780,-5.0,1
2781,-5.0,1
2782,27.0,2
2783,-5.0,1
2784,-5.0,1
2785,11.0,2
2786,27.0,2
2787,-5.0,1
2788,-5.0,1
2789,27.0,2
2790,-5.0,1
2791,-5.0,1
2792,27.0,2
2793,-5.0,1
2794,13.0,3
2795,-5.0,1
2796,-9.0,4
2797,-5.0,1
2798,-9.0,4
2799,14.0,3
2800,-5.0,1
2801,11.0,2
2802,31.0,4
2803,27.0,2
2804,27.0,2
2805,12.0,2
2806,16.0,4
2807,12.0,2
2808,27.0,2
2809,14.0,3
2810,16.0,4
2811,27.0,2
2812,29.0,3
2813,27.0,2
2814,16.0,4
2815,27.0,3
2816,-5.0,1
2817,27.0,2
2818,27.0,2
2819,14.0,3
2820,27.0,2
2821,31.0,4
2822,27.0,2
2823,29.0,3
2824,-5.0,1
2825,27.0,2
2826,14.0,3
2827,15.0,4
2828,-9.0,4
2829,-5.0,1
2830,27.0,2
2831,27.0,2
2832,27.0,2
2833,-5.0,1
2834,14.0,3
2835,14.0,3
2836,29.0,3
2837,12.0,2
2838,-5.0,1
2839,-10.0,4
2840,12.0,2
2841,-5.0,1
2842,12.0,2
2843,-10.0,4
2844,26.0,2
2845,27.0,2
2846,18.0,5
2847,28.0,3
2848,12.0,2
2849,27.0,2
2850,14.0,3
2851,-5.0,1
2852,27.0,2
2853,-11.0,3
2854,-5.0,1
2855,-5.0,1
2856,-5.0,1
2857,26.0,2
2858,-9.0,4
2859,12.0,2
2860,9.0,2
2861,-5.0,1
2862,12.0,2
2863,-5.0,1
2864,-5.0,1
2865,29.0,3
2866,27.0,2
2867,14.0,3
2868,12.0,2
2869,11.0,2
2870,12.0,2
2871,14.0,3
2872,-5.0,1
2873,11.0,2
2874,27.0,2
2875,12.0,2
2876,14.0,3
2877,29.0,3
2878,14.0,3
2879,27.0,2
2880,14.0,3
2881,-14.0,2
2882,-5.0,1
2883,-5.0,1
2884,14.0,3
2885,-5.0,1
2886,16.0,4
2887,27.0,2
2888,-5.0,1
2889,27.0,2
2890,27.0,2
2891,12.0,2
2892,12.0,2
2893,-7.0,5
2894,11.0,2
2895,-5.0,1
2896,27.0,2
2897,27.0,2
2898,12.0,2
2899,-11.0,3
2900,14.0,3
2901,14.0,3
2902,27.0,2
2903,29.0,3
2904,27.0,2
2905,27.0,2
2906,14.0,3
2907,-5.0,1
2908,-11.0,3
2909,14.0,3
2910,27.0,2
2911,-5.0,1
2912,27.0,2
2913,-5.0,1
2914,29.0,3
2915,12.0,2
2916,-5.0,1
2917,14.0,3
2918,14.0,3
2919,-9.0,4
2920,16.0,4
2921,27.0,2
2922,30.0,4
2923,14.0,3
2924,29.0,3
2925,27.0,2
2926,13.0,3
2927,29.0,3
2928,29.0,3
2929,27.0,2
2930,27.0,2
2931,27.0,2
2932,16.0,4
2933,14.0,3
2934,13.0,3
2935,12.0,2
2936,29.0,3
2937,31.0,4
2938,27.0,2
2939,-5.0,1
2940,12.0,2
2941,27.0,2
2942,-5.0,1
2943,18.0,5
2944,-5.0,1
2945,27.0,2
2946,12.0,2
2947,-5.0,1
2948,27.0,2
2949,-5.0,1
2950,14.0,3
2951,-5.0,1
2952,27.0,2
2953,27.0,2
2954,14.0,3
2955,-5.0,1
2956,27.0,2
2957,12.0,2
2958,27.0,2
2959,-5.0,1
2960,-5.0,1
2961,26.0,2
2962,-5.0,1
2963,27.0,2
2964,-5.0,1
2965,12.0,2
2966,-5.0,1
2967,27.0,2
2968,12.0,3
2969,28.0,3
2970,27.0,2
2971,29.0,3
2972,16.0,4
2973,19.0,6
2974,27.0,2
2975,12.0,3
2976,30.0,4
2977,12.0,2
2978,29.0,3
2979,16.0,5
2980,24.0,2
2981,27.0,2
2982,27.0,2
2983,-5.0,1
2984,27.0,5
2985,14.0,3
2986,-11.0,3
2987,14.0,3
2988,27.0,2
2989,27.0,2
2990,27.0,2
2991,27.0,2
2992,27.0,2
2993,12.0,2
2994,27.0,2
2995,-5.0,1
2996,16.0,4
2997,12.0,2
2998,27.0,2
2999,23.0,3
3000,-5.0,1
3001,27.0,2
3002,-11.0,3
3003,-11.0,3
3004,-5.0,1
3005,12.0,2
3006,29.0,3
3007,27.0,2
3008,12.0,2
3009,-11.0,3
3010,-5.0,1
3011,-9.0,4
3012,12.0,2
3013,16.0,4
3014,12.0,2
3015,-5.0,1
3016,29.0,3
3017,-5.0,1
3018,27.0,2
3019,-5.0,1
3020,-5.0,1
3021,27.0,2
3022,12.0,2
3023,-9.0,4
3024,27.0,2
3025,12.0,2
3026,14.0,3
3027,-5.0,1
3028,12.0,2
3029,27.0,2
3030,27.0,2
3031,12.0,2
3032,16.0,4
3033,12.0,2
3034,-5.0,1
3035,14.0,3
3036,-5.0,1
3037,29.0,3
3038,12.0,2
3039,29.0,3
3040,27.0,2
3041,29.0,3
3042,29.0,3
3043,14.0,3
3044,26.0,3
3045,-9.0,4
3046,29.0,3
3047,29.0,3
3048,29.0,3
3049,16.0,4
3050,14.0,3
3051,-12.0,3
3052,27.0,3
3053,14.0,3
3054,29.0,3
3055,27.0,2
3056,13.0,4
3057,26.0,3
3058,-7.0,5
3059,27.0,2
3060,29.0,3
3061,12.0,2
3062,-11.0,3
3063,14.0,3
3064,27.0,2
3065,16.0,4
3066,-5.0,1
3067,-5.0,1
3068,12.0,2
3069,27.0,2
3070,-13.0,2
3071,27.0,2
3072,27.0,2
3073,-5.0,1
3074,12.0,2
3075,-5.0,1
3076,12.0,2
3077,29.0,3
3078,-5.0,1
3079,12.0,2
3080,-5.0,1
3081,29.0,3
3082,-5.0,1
3083,-5.0,1
3084,-5.0,1
3085,27.0,2
3086,27.0,2
3087,16.0,4
3088,12.0,3
3089,27.0,2
3090,-5.0,1
3091,27.0,2
3092,14.0,3
3093,-9.0,4
3094,-5.0,1
3095,-5.0,1
3096,27.0,2
3097,27.0,2
3098,-5.0,1
3099,12.0,2
3100,12.0,2
3101,27.0,2
3102,-5.0,1
3103,14.0,3
3104,-5.0,1
3105,-7.0,5
3106,27.0,2
3107,27.0,2
3108,14.0,3
3109,-5.0,1
3110,12.0,2
3111,14.0,3
3112,-5.0,1
3113,29.0,3
3114,14.0,3
3115,27.0,2
3116,16.0,4
3117,-5.0,1
3118,27.0,2
3119,27.0,2
3120,12.0,2
3121,12.0,2
3122,29.0,3
3123,-5.0,1
3124,-5.0,1
3125,-13.0,2
3126,27.0,2
3127,12.0,2
3128,-5.0,1
3129,-5.0,1
3130,-5.0,1
3131,-5.0,1
3132,-5.0,1
3133,-5.0,1
3134,26.0,2
3135,12.0,2
3136,29.0,3
3137,11.0,2
3138,12.0,2
3139,-5.0,1
3140,-11.0,3
3141,-5.0,1
3142,12.0,2
3143,-5.0,1
3144,-5.0,1
3145,-5.0,1
3146,-5.0,1
3147,-5.0,1
3148,-5.0,1
3149,14.0,3
3150,12.0,2
3151,-5.0,1
3152,27.0,2
3153,27.0,2
3154,30.0,4
3155,-5.0,1
3156,-5.0,1
3157,24.0,2
3158,-5.0,1
3159,-9.0,4
3160,14.0,3
3161,-5.0,1
3162,-9.0,4
3163,14.0,3
3164,-5.0,1
3165,12.0,2
3166,-5.0,1
3167,-5.0,1
3168,12.0,2
3169,14.0,3
3170,14.0,3
3171,27.0,2
3172,12.0,2
3173,-5.0,1
3174,28.0,3
3175,12.0,2
3176,-11.0,3
3177,12.0,2
3178,11.0,2
3179,12.0,2
3180,27.0,2
3181,-5.0,1
3182,26.0,2
3183,12.0,2
3184,-5.0,1
3185,12.0,2
3186,-5.0,1
3187,-5.0,1
3188,-5.0,1
3189,-5.0,1
3190,27.0,2
3191,12.0,2
3192,27.0,2
3193,12.0,2
3194,12.0,2
3195,27.0,2
3196,-5.0,1
3197,-5.0,1
3198,27.0,2
3199,-5.0,1
3200,27.0,2
3201,11.0,2
3202,14.0,3
3203,-5.0,1
3204,-5.0,1
3205,14.0,3
3206,-5.0,1
3207,27.0,2
3208,16.0,4
3209,-5.0,1
3210,14.0,3
3211,-5.0,1
3212,-5.0,1
3213,12.0,2
3214,26.0,2
3215,29.0,3
3216,27.0,2
3217,27.0,2
3218,16.0,4
3219,24.0,2
3220,14.0,3
3221,-5.0,1
3222,27.0,2
3223,14.0,3
3224,29.0,3
3225,27.0,2
3226,14.0,3
3227,-5.0,1
3228,-5.0,1
3229,29.0,4
3230,28.0,3
3231,29.0,3
3232,27.0,2
3233,27.0,2
3234,12.0,2
3235,30.0,4
3236,-5.0,1
3237,12.0,2
3238,13.0,3
3239,14.0,3
3240,-5.0,1
3241,-7.0,5
3242,12.0,2
3243,-5.0,1
3244,-5.0,1
3245,-5.0,1
3246,27.0,3
3247,28.0,4
3248,27.0,2
3249,12.0,2
3250,12.0,2
3251,27.0,2
3252,-5.0,1
3253,14.0,3
3254,27.0,2
3255,27.0,2
3256,-5.0,1
3257,27.0,2
3258,29.0,3
3259,-5.0,1
3260,27.0,2
3261,-5.0,1
3262,27.0,2
3263,27.0,2
3264,14.0,3
3265,-11.0,3
3266,12.0,2
3267,29.0,3
3268,24.0,2
3269,-5.0,1
3270,-5.0,1
3271,-5.0,1
3272,14.0,3
3273,27.0,2
3274,-5.0,1
3275,12.0,2
3276,29.0,3
3277,14.0,3
3278,22.0,4
3279,-5.0,1
3280,28.0,3
3281,-9.0,4
3282,29.0,3
3283,24.0,2
3284,-5.0,1
3285,-5.0,1
3286,-5.0,1
3287,12.0,2
3288,14.0,3
3289,-5.0,1
3290,14.0,3
3291,27.0,2
3292,26.0,3
3293,12.0,2
3294,27.0,2
3295,27.0,2
3296,26.0,3
3297,29.0,3
3298,14.0,3
3299,31.0,5
3300,-5.0,1
3301,-5.0,1
3302,27.0,2
3303,27.0,2
3304,-5.0,1
3305,12.0,2
3306,27.0,2
3307,-5.0,1
3308,-5.0,1
3309,27.0,2
3310,-5.0,1
3311,27.0,2
3312,-5.0,1
3313,25.0,2
3314,-5.0,1
3315,-5.0,1
3316,-5.0,1
3317,-5.0,1
3318,12.0,2
3319,27.0,2
3320,-5.0,1
3321,16.0,4
3322,27.0,2
3323,-5.0,1
3324,-5.0,1
3325,-5.0,1
3326,-5.0,1
3327,-5.0,1
3328,-5.0,1
3329,-5.0,1
3330,-6.0,6
3331,29.0,3
3332,12.0,2
3333,29.0,3
3334,12.0,2
3335,-5.0,1
3336,-5.0,1
3337,27.0,2
3338,-5.0,1
3339,-5.0,1
3340,-5.0,1
3341,12.0,2
3342,14.0,3
3343,-5.0,1
3344,12.0,2
3345,-5.0,1
3346,27.0,2
3347,27.0,2
3348,12.0,2
3349,12.0,2
3350,12.0,2
3351,-5.0,1
3352,27.0,2
3353,-5.0,1
3354,14.0,3
3355,27.0,2
3356,-5.0,1
3357,-5.0,1
3358,-5.0,1
3359,14.0,3
3360,-11.0,3
3361,-5.0,1
3362,29.0,3
3363,12.0,2
3364,-5.0,1
3365,27.0,2
3366,27.0,2
3367,-5.0,1
3368,12.0,2
3369,12.0,2
3370,-5.0,1
3371,-5.0,1
3372,14.0,3
3373,9.0,2
3374,14.0,3
3375,-5.0,1
3376,27.0,2
3377,-5.0,1
3378,-9.0,4
3379,-5.0,1
3380,-11.0,3
3381,-11.0,3
3382,-5.0,1
3383,26.0,3
3384,12.0,2
3385,27.0,2
3386,12.0,2
3387,14.0,3
3388,27.0,2
3389,27.0,2
3390,12.0,2
3391,28.0,3
3392,-5.0,1
3393,12.0,2
3394,29.0,3
3395,29.0,3
3396,27.0,2
3397,27.0,2
3398,14.0,3
3399,-9.0,4
3400,-9.0,4
3401,14.0,3
3402,-11.0,3
3403,29.0,3
3404,29.0,3
3405,27.0,2
3406,27.0,2
3407,26.0,2
3408,29.0,3
3409,27.0,2
3410,14.0,3
3411,26.0,2
3412,-11.0,3
3413,-5.0,1
3414,27.0,2
3415,27.0,2
3416,27.0,2
3417,25.0,2
3418,27.0,2
3419,27.0,2
3420,27.0,2
3421,-9.0,5
3422,-5.0,1
3423,-5.0,1
3424,-5.0,1
3425,12.0,2
3426,-5.0,1
3427,12.0,2
3428,-11.0,3
3429,-5.0,1
3430,-5.0,1
3431,28.0,3
3432,12.0,2
3433,-5.0,1
3434,12.0,2
3435,12.0,2
3436,27.0,2
3437,12.0,2
3438,-13.0,2
3439,-5.0,1
3440,-11.0,3
3441,-5.0,1
3442,9.0,2
3443,-5.0,1
3444,-5.0,1
3445,27.0,2
3446,14.0,3
3447,-9.0,4
3448,14.0,3
3449,14.0,3
3450,27.0,2
3451,-9.0,4
3452,27.0,2
3453,11.0,2
3454,-5.0,1
3455,29.0,3
3456,14.0,3
3457,28.0,3
3458,29.0,3
3459,29.0,3
3460,14.0,4
3461,26.0,2
3462,29.0,3
3463,12.0,2
3464,27.0,2
3465,27.0,2
3466,12.0,2
3467,14.0,3
3468,14.0,3
3469,14.0,3
3470,-8.0,5
3471,13.0,3
3472,27.0,2
3473,-9.0,4
3474,29.0,3
3475,14.0,3
3476,27.0,2
3477,12.0,2
3478,29.0,3
3479,-11.0,3
3480,-5.0,1
3481,14.0,3
3482,27.0,2
3483,27.0,2
3484,29.0,4
3485,12.0,2
3486,14.0,3
3487,27.0,2
3488,-5.0,1
3489,-5.0,1
3490,-5.0,1
3491,29.0,3
3492,-5.0,1
3493,26.0,2
3494,27.0,2
3495,29.0,3
3496,27.0,2
3497,14.0,3
3498,27.0,2
3499,-5.0,1
3500,29.0,3
3501,29.0,3
3502,13.0,3
3503,-9.0,4
3504,27.0,2
3505,11.0,2
3506,28.0,3
3507,12.0,2
3508,29.0,3
3509,12.0,2
3510,27.0,2
3511,27.0,2
3512,14.0,3
3513,26.0,2
3514,14.0,3
3515,29.0,3
3516,27.0,2
3517,27.0,2
3518,27.0,2
3519,27.0,2
3520,27.0,2
3521,-5.0,1
3522,-9.0,4
3523,27.0,2
3524,12.0,2
3525,16.0,4
3526,27.0,2
3527,27.0,2
3528,-5.0,1
3529,12.0,2
3530,14.0,3
3531,12.0,2
3532,14.0,3
3533,-5.0,1
3534,12.0,2
3535,12.0,2
3536,29.0,3
3537,16.0,4
3538,12.0,2
3539,27.0,2
3540,-9.0,4
3541,12.0,2
3542,27.0,2
3543,-9.0,4
3544,29.0,3
3545,-5.0,1
3546,27.0,2
3547,-8.0,5
3548,29.0,3
3549,29.0,3
3550,-5.0,1
3551,29.0,3
3552,12.0,2
3553,-9.0,4
3554,-11.0,4
3555,12.0,2
3556,27.0,2
3557,-13.0,2
3558,14.0,3
3559,26.0,2
3560,27.0,2
3561,14.0,3
3562,-5.0,1
3563,14.0,3
3564,12.0,2
3565,29.0,3
3566,-5.0,1
3567,-5.0,1
3568,-11.0,3
3569,14.0,3
3570,-5.0,1
3571,27.0,2
3572,-5.0,1
3573,-5.0,1
3574,29.0,3
3575,12.0,2
3576,12.0,2
3577,11.0,2
3578,27.0,2
3579,-5.0,1
3580,27.0,2
3581,29.0,3
3582,14.0,3
3583,12.0,2
3584,-5.0,6
3585,-5.0,1
3586,27.0,2
3587,14.0,3
3588,-9.0,4
3589,-5.0,1
3590,27.0,2
3591,27.0,2
3592,27.0,2
3593,27.0,2
3594,-5.0,1
3595,14.0,3
3596,-5.0,1
3597,-5.0,1
3598,26.0,2
3599,28.0,3
3600,12.0,2
3601,12.0,2
3602,-9.0,4
3603,27.0,2
3604,-5.0,1
3605,29.0,3
3606,27.0,2
3607,12.0,2
3608,27.0,2
3609,-10.0,4
3610,-5.0,1
3611,27.0,2
3612,12.0,2
3613,-5.0,1
3614,-5.0,1
3615,27.0,2
3616,12.0,2
3617,12.0,2
3618,27.0,2
3619,27.0,2
3620,12.0,2
3621,-5.0,1
3622,-5.0,1
3623,14.0,3
3624,27.0,2
3625,12.0,2
3626,29.0,3
3627,27.0,2
3628,29.0,3
3629,-5.0,1
3630,29.0,3
3631,27.0,2
3632,14.0,3
3633,26.0,2
3634,16.0,4
3635,14.0,3
3636,-5.0,1
3637,31.0,4
3638,29.0,3
3639,14.0,3
3640,25.0,3
3641,27.0,2
3642,16.0,4
3643,27.0,2
3644,-9.0,4
3645,27.0,2
3646,29.0,3
3647,29.0,3
3648,16.0,4
3649,29.0,3
3650,27.0,2
3651,12.0,2
3652,27.0,2
3653,27.0,2
3654,-5.0,1
3655,12.0,2
3656,27.0,2
3657,11.0,3
3658,-5.0,1
3659,11.0,2
3660,27.0,2
3661,-5.0,1
3662,11.0,2
3663,-5.0,1
3664,27.0,2
3665,-5.0,1
3666,-5.0,1
3667,-5.0,1
3668,-9.0,4
3669,27.0,2
3670,12.0,2
3671,13.0,3
3672,12.0,2
3673,27.0,2
3674,-5.0,1
3675,14.0,3
3676,12.0,2
3677,14.0,3
3678,-5.0,1
3679,24.0,2
3680,12.0,2
3681,-5.0,1
3682,27.0,2
3683,27.0,2
3684,27.0,2
3685,27.0,2
3686,-5.0,1
3687,-5.0,1
3688,12.0,2
3689,-5.0,1
3690,12.0,2
3691,14.0,3
3692,-11.0,3
3693,-5.0,1
3694,-5.0,1
3695,27.0,2
3696,12.0,2
3697,-9.0,4
3698,-5.0,1
3699,27.0,2
3700,-7.0,5
3701,27.0,2
3702,27.0,2
3703,27.0,2
3704,27.0,2
3705,27.0,2
3706,16.0,4
3707,14.0,3
3708,16.0,4
3709,11.0,2
3710,14.0,3
3711,27.0,2
3712,16.0,4
3713,26.0,2
3714,27.0,2
3715,14.0,3
3716,16.0,4
3717,27.0,2
3718,27.0,2
3719,23.0,3
3720,29.0,3
3721,27.0,2
3722,27.0,2
3723,27.0,2
3724,27.0,2
3725,29.0,3
3726,27.0,2
3727,14.0,3
3728,27.0,2
3729,27.0,2
3730,27.0,2
3731,-5.0,1
3732,-5.0,1
3733,27.0,2
3734,24.0,2
3735,12.0,2
3736,27.0,2
3737,14.0,3
3738,12.0,2
3739,12.0,2
3740,27.0,2
3741,-5.0,1
3742,-5.0,1
3743,-5.0,1
3744,-5.0,1
3745,-5.0,1
3746,27.0,2
3747,-5.0,1
3748,-5.0,1
3749,-5.0,1
3750,12.0,2
3751,12.0,2
3752,27.0,2
3753,-5.0,1
3754,-5.0,1
3755,-5.0,1
3756,12.0,2
3757,12.0,2
3758,-5.0,1
3759,-5.0,1
3760,-5.0,1
3761,12.0,2
3762,12.0,2
3763,-5.0,1
3764,-5.0,1
3765,-5.0,1
3766,-5.0,1
3767,-5.0,1
3768,-5.0,1
3769,-5.0,1
3770,-5.0,1
3771,-5.0,1
3772,27.0,2
3773,-5.0,1
3774,-5.0,1
3775,-5.0,1
3776,-5.0,1
3777,26.0,2
3778,-9.0,4
3779,12.0,2
3780,-13.0,2
3781,-5.0,1
3782,27.0,2
3783,-5.0,1
3784,-5.0,1
3785,27.0,2
3786,12.0,2
3787,-9.0,4
3788,12.0,2
3789,14.0,3
3790,-5.0,1
3791,-5.0,1
3792,-5.0,1
3793,-5.0,1
3794,-9.0,4
3795,-5.0,1
3796,-5.0,1
3797,16.0,4
3798,-5.0,1
3799,12.0,2
3800,27.0,2
3801,14.0,3
3802,27.0,2
3803,27.0,2
3804,-5.0,1
3805,27.0,2
3806,27.0,2
3807,27.0,2
3808,-5.0,1
3809,12.0,2
3810,27.0,2
3811,27.0,2
3812,27.0,2
3813,29.0,3
3814,27.0,2
3815,-9.0,4
3816,16.0,4
3817,16.0,4
3818,27.0,2
3819,27.0,2
3820,27.0,2
3821,-7.0,5
3822,12.0,2
3823,27.0,2
3824,27.0,2
3825,27.0,2
3826,27.0,2
3827,-5.0,1
3828,27.0,2
3829,12.0,2
3830,27.0,2
3831,12.0,2
3832,27.0,2
3833,26.0,2
3834,27.0,2
3835,29.0,3
3836,12.0,2
3837,12.0,2
3838,14.0,3
3839,27.0,2
3840,-5.0,1
3841,12.0,2
3842,12.0,2
3843,-5.0,1
3844,-5.0,1
3845,14.0,3
3846,27.0,2
3847,-5.0,1
3848,-5.0,1
3849,27.0,2
3850,12.0,2
3851,12.0,2
3852,13.0,3
3853,12.0,2
3854,-9.0,4
3855,-5.0,1
3856,-5.0,1
3857,27.0,2
3858,-5.0,1
3859,27.0,2
3860,14.0,3
3861,12.0,2
3862,14.0,3
3863,14.0,3
3864,27.0,2
3865,-5.0,1
3866,27.0,2
3867,12.0,2
3868,27.0,2
3869,12.0,2
3870,14.0,3
3871,14.0,3
3872,27.0,2
3873,14.0,3
3874,27.0,2
3875,27.0,2
3876,12.0,2
3877,12.0,2
3878,14.0,3
3879,14.0,3
3880,27.0,2
3881,29.0,3
3882,27.0,2
3883,29.0,3
3884,27.0,2
3885,27.0,2
3886,27.0,2
3887,16.0,4
3888,-5.0,1
3889,-5.0,1
3890,12.0,2
3891,14.0,3
3892,12.0,2
3893,13.0,3
3894,12.0,2
3895,27.0,2
3896,-5.0,1
3897,12.0,3
3898,12.0,2
3899,27.0,2
3900,27.0,2
3901,27.0,2
3902,-5.0,1
3903,14.0,5
3904,27.0,2
3905,27.0,2
3906,12.0,2
3907,14.0,3
3908,-5.0,1
3909,28.0,3
3910,27.0,2
3911,27.0,2
3912,27.0,2
3913,12.0,2
3914,12.0,2
3915,12.0,2
3916,13.0,3
3917,12.0,2
3918,13.0,3
3919,28.0,3
3920,27.0,2
3921,12.0,2
3922,26.0,2
3923,27.0,2
3924,14.0,3
3925,29.0,3
3926,12.0,2
3927,27.0,2
3928,14.0,3
3929,27.0,2
3930,26.0,2
3931,26.0,2
3932,12.0,2
3933,29.0,3
3934,29.0,3
3935,27.0,2
3936,26.0,2
3937,12.0,2
3938,-5.0,1
3939,-5.0,1
3940,27.0,2
3941,12.0,2
3942,12.0,2
3943,-11.0,3
3944,12.0,2
3945,-10.0,4
3946,12.0,2
3947,-8.0,5
3948,27.0,2
3949,29.0,3
3950,-12.0,3
3951,29.0,3
3952,12.0,2
3953,14.0,3
3954,-11.0,3
3955,-5.0,1
3956,27.0,2
3957,14.0,3
3958,14.0,3
3959,-10.0,4
3960,-5.0,1
3961,-9.0,4
3962,27.0,2
3963,27.0,2
3964,12.0,2
3965,12.0,2
3966,24.0,2
3967,12.0,2
3968,-5.0,1
3969,27.0,2
3970,17.0,5
3971,27.0,2
3972,12.0,2
3973,12.0,2
3974,-5.0,1
3975,-13.0,2
3976,27.0,2
3977,27.0,2
3978,27.0,2
3979,12.0,2
3980,12.0,2
3981,12.0,2
3982,27.0,2
3983,12.0,2
3984,27.0,2
3985,27.0,2
3986,27.0,2
3987,29.0,3
3988,-12.0,3
3989,27.0,2
3990,27.0,2
3991,26.0,3
3992,27.0,2
3993,14.0,3
3994,-9.0,4
3995,-11.0,3
3996,27.0,2
3997,14.0,3
3998,12.0,2
3999,24.0,2
4000,12.0,2
4001,27.0,2
4002,27.0,2
4003,27.0,2
4004,12.0,2
4005,-5.0,1
4006,27.0,2
4007,-5.0,1
4008,27.0,2
4009,27.0,2
4010,27.0,2
4011,27.0,2
4012,27.0,2
4013,27.0,2
4014,27.0,2
4015,12.0,2
4016,27.0,2
4017,-5.0,1
4018,12.0,2
4019,-13.0,2
4020,27.0,2
4021,27.0,2
4022,26.0,2
4023,12.0,2
4024,12.0,2
4025,27.0,2
4026,11.0,2
4027,26.0,2
4028,12.0,2
4029,27.0,2
4030,27.0,2
4031,27.0,2
4032,-5.0,1
4033,27.0,2
4034,12.0,2
4035,12.0,2
4036,-9.0,4
4037,29.0,3
4038,14.0,3
4039,-11.0,3
4040,27.0,2
